{"graph": {"_type": "graph-file", "sha256": "0e45c3f7c294c21986789e828d455e4873b512109f2a59e78bea30cb7abf20a4", "size": 1376, "path": "media/graph/graph_summary_0e45c3f7c294c2198678.graph.json"}, "epoch": 99, "_timestamp": 1654304415, "_runtime": 3552, "loss": 0.0007172342739067972, "accuracy": 0.9998666644096375, "val_loss": 0.1233706921339035, "val_accuracy": 0.993399977684021, "_step": 99, "best_val_loss": 0.024754924699664116, "best_epoch": 7, "_wandb": {"runtime": 3550}}